City_ID,City,Country,Lat,Lng,Max Temp,Humidity,Cloudiness,Wind Speed,Current Description
0,Primo Tapia,MX,32.22,-116.9172,62.22,71,42,6.26,scattered clouds
1,Kang,BW,-23.6752,22.7876,56.08,79,97,13.56,overcast clouds
2,Busselton,AU,-33.65,115.3333,64.04,90,100,26.69,overcast clouds
3,Rikitea,PF,-23.1203,-134.9692,75.49,73,14,20.98,few clouds
4,Victoria,HK,22.2855,114.1577,83.97,67,74,3.0,broken clouds
5,Hithadhoo,MV,-0.6,73.0833,81.59,71,93,6.33,overcast clouds
6,Sao Joao Da Barra,BR,-21.6403,-41.0511,69.94,95,100,11.65,overcast clouds
7,Bertoua,CM,4.5833,13.6833,64.96,95,100,2.26,overcast clouds
8,Menongue,AO,-14.6585,17.691,63.03,78,85,4.12,light rain
9,Jamestown,US,42.097,-79.2353,49.71,73,2,5.99,clear sky
10,Kysyl-Syr,RU,63.8986,122.7617,22.17,85,99,3.62,overcast clouds
11,Cape Town,ZA,-33.9258,18.4232,58.1,61,0,1.99,clear sky
12,Clyde River,CA,70.4692,-68.5914,33.37,69,100,9.69,overcast clouds
13,Pochutla,MX,15.7432,-96.4661,76.82,89,99,3.13,overcast clouds
14,Mashhad,IR,36.297,59.6062,50.14,46,0,4.61,clear sky
15,Tiksi,RU,71.6872,128.8694,19.15,90,100,14.38,overcast clouds
16,Chokurdakh,RU,70.6333,147.9167,-8.01,99,74,5.37,broken clouds
17,Nikolskoye,RU,59.7035,30.7861,37.87,90,100,7.31,moderate rain
18,Gazanjyk,TM,39.2446,55.5154,59.38,64,1,7.76,clear sky
19,Naze,JP,28.3667,129.4833,70.72,87,100,14.81,overcast clouds
20,Mount Gambier,AU,-37.8333,140.7667,60.66,49,25,10.07,scattered clouds
21,Butaritari,KI,3.0707,172.7902,83.62,60,97,7.81,overcast clouds
22,Ushuaia,AR,-54.8,-68.3,36.27,92,28,4.23,scattered clouds
23,Port Lincoln,AU,-34.7333,135.8667,63.59,62,4,15.61,clear sky
24,Daman,IN,20.4167,72.85,79.92,70,21,3.44,few clouds
25,Mahebourg,MU,-20.4081,57.7,73.26,73,81,14.99,broken clouds
26,Avarua,CK,-21.2078,-159.775,77.05,61,40,5.75,scattered clouds
27,Thompson,CA,55.7435,-97.8558,35.76,87,90,12.66,overcast clouds
28,Tasiilaq,GL,65.6145,-37.6368,28.56,53,6,4.36,clear sky
29,Kapaa,US,22.0752,-159.319,82.38,76,21,3.0,light rain
30,Conceicao Do Araguaia,BR,-8.2578,-49.2647,75.16,90,100,4.09,overcast clouds
31,Cidreira,BR,-30.1811,-50.2056,60.22,79,3,6.58,clear sky
32,Souillac,MU,-20.5167,57.5167,73.36,74,39,12.44,scattered clouds
33,San Blas,MX,21.5167,-105.2667,78.51,88,8,3.74,clear sky
34,Mandera,KE,3.9366,41.867,77.79,67,100,8.84,overcast clouds
35,Zhenhai,CN,24.2582,118.0905,73.74,68,17,10.65,few clouds
36,Yellowknife,CA,62.456,-114.3525,26.56,100,6,4.43,clear sky
37,Saint George,US,37.1041,-113.5841,52.63,53,18,1.01,few clouds
38,Salinopolis,BR,-0.6136,-47.3561,79.99,79,36,7.81,scattered clouds
39,Opuwo,NA,-18.0607,13.84,66.47,19,44,3.87,scattered clouds
40,Berck,FR,50.4,1.6,63.52,100,90,10.36,mist
41,Mataura,NZ,-46.1927,168.8643,52.27,41,80,12.41,broken clouds
42,Atuona,PF,-9.8,-139.0333,78.15,75,10,19.53,clear sky
43,Vaini,TO,-21.2,-175.2,73.9,67,16,19.13,few clouds
44,Tiarei,PF,-17.5333,-149.3333,82.42,78,35,16.58,light rain
45,Bredasdorp,ZA,-34.5322,20.0403,49.28,85,0,4.03,clear sky
46,Bambous Virieux,MU,-20.3428,57.7575,73.22,73,92,14.76,overcast clouds
47,Bethel,US,41.3712,-73.414,49.05,86,20,1.01,few clouds
48,Hobart,AU,-42.8794,147.3294,57.02,49,75,1.01,broken clouds
49,Ternate,ID,0.8,127.4,85.46,68,83,5.41,broken clouds
50,Kunming,CN,25.0389,102.7183,64.33,77,20,17.9,few clouds
51,Port Shepstone,ZA,-30.7414,30.455,55.8,71,0,4.74,clear sky
52,Chuy,UY,-33.6971,-53.4616,52.97,85,0,5.1,clear sky
53,Kaitangata,NZ,-46.2817,169.8464,50.94,41,98,14.27,overcast clouds
54,Praia Da Vitoria,PT,38.7333,-27.0667,65.75,89,9,11.12,clear sky
55,Kruisfontein,ZA,-34.0033,24.7314,43.88,77,0,4.83,clear sky
56,Maridi,SS,4.9158,29.4742,66.94,91,99,3.62,overcast clouds
57,Huarmey,PE,-10.0681,-78.1522,63.88,85,100,8.19,overcast clouds
58,Punta Arenas,CL,-53.15,-70.9167,44.71,70,0,12.66,clear sky
59,San Jeronimo,PE,-11.9472,-75.2829,53.67,68,63,1.77,broken clouds
60,Mackay,AU,-21.15,149.2,87.04,72,16,17.52,few clouds
61,Srandakan,ID,-7.9386,110.2506,85.91,65,63,5.86,broken clouds
62,Castro,BR,-24.7911,-50.0119,54.91,98,100,7.43,overcast clouds
63,Saint-Philippe,RE,-21.3585,55.7679,72.21,77,43,11.97,scattered clouds
64,Nampula,MZ,-15.1165,39.2666,67.1,88,75,3.51,broken clouds
65,Padang,ID,-0.9492,100.3543,84.25,77,100,3.42,overcast clouds
66,Dikson,RU,73.5069,80.5464,26.94,93,100,24.99,light snow
67,Hilo,US,19.7297,-155.09,76.24,94,94,1.99,overcast clouds
68,Carutapera,BR,-1.195,-46.02,78.46,84,10,5.82,clear sky
69,Vasteras,SE,59.6162,16.5528,32.86,91,100,2.3,overcast clouds
70,Nauta,PE,-4.5061,-73.5757,76.19,81,95,1.41,overcast clouds
71,Lavrentiya,RU,65.5833,-171.0,29.79,87,100,18.77,light snow
72,Emerald,AU,-23.5333,148.1667,94.33,17,0,10.25,clear sky
73,Ostrovnoy,RU,68.0531,39.5131,38.35,68,100,26.82,overcast clouds
74,Sioux Lookout,CA,50.1001,-91.917,54.28,65,67,9.37,broken clouds
75,Corinto,GR,37.9407,22.9573,64.76,85,12,3.58,few clouds
76,Bluff,NZ,-46.6,168.3333,47.53,60,80,24.05,broken clouds
77,Luderitz,NA,-26.6481,15.1594,70.84,24,5,13.8,clear sky
78,Husavik,IS,66.0449,-17.3389,42.71,99,100,17.9,light rain
79,Maniitsoq,GL,65.4167,-52.9,32.23,42,0,8.34,clear sky
80,Saskylakh,RU,71.9167,114.0833,23.07,96,100,1.16,light snow
81,Puerto Ayora,EC,-0.7393,-90.3518,70.0,85,67,7.05,broken clouds
82,Belmonte,BR,-15.8631,-38.8828,75.51,87,95,7.96,overcast clouds
83,Snezhnogorsk,RU,69.1933,33.2531,29.98,67,100,21.92,light snow
84,Changping,CN,40.2186,116.2197,51.96,21,0,7.0,clear sky
85,Khatanga,RU,71.9667,102.5,31.75,95,100,9.82,overcast clouds
86,Arraial Do Cabo,BR,-22.9661,-42.0278,68.83,89,100,14.38,moderate rain
87,Tuktoyaktuk,CA,69.4541,-133.0374,23.0,100,90,11.5,mist
88,Siswa Bazar,IN,27.15,83.7667,74.98,92,100,7.67,overcast clouds
89,Soller,ES,39.7662,2.7152,64.85,90,92,1.63,overcast clouds
90,Winnemucca,US,40.973,-117.7357,38.1,89,97,4.12,overcast clouds
91,Derbent,RU,42.0678,48.2899,62.22,81,100,3.51,overcast clouds
92,Tuatapere,NZ,-46.1333,167.6833,48.78,57,91,15.23,overcast clouds
93,Port Keats,AU,-14.25,129.55,91.83,51,8,11.23,clear sky
94,Samarai,PG,-10.6167,150.6667,84.0,70,78,9.35,broken clouds
95,Wenling,CN,28.3669,121.36,66.9,68,89,11.59,overcast clouds
96,Hermanus,ZA,-34.4187,19.2345,52.9,79,0,11.43,clear sky
97,Hasaki,JP,35.7333,140.8333,61.29,79,100,9.98,overcast clouds
98,Along,IN,28.1667,94.7667,73.38,98,100,0.63,overcast clouds
99,Uberlandia,BR,-18.9186,-48.2772,70.52,82,100,3.4,overcast clouds
100,Novomichurinsk,RU,54.0384,39.7479,30.61,93,10,7.96,clear sky
101,Codrington,AU,-38.2667,141.9667,56.12,56,24,13.49,few clouds
102,Lagoa,PT,39.05,-27.9833,67.6,73,1,19.77,clear sky
103,Zhangjiakou,CN,40.81,114.8794,40.33,25,0,1.14,clear sky
104,Port Alfred,ZA,-33.5906,26.891,54.7,75,1,8.77,clear sky
105,Nanortalik,GL,60.1432,-45.2371,34.95,58,100,4.83,overcast clouds
106,Upernavik,GL,72.7868,-56.1549,29.5,47,98,7.38,overcast clouds
107,Mezen,RU,65.8522,44.24,36.64,96,100,6.08,overcast clouds
108,Curuca,BR,-0.7289,-47.8481,75.85,87,29,3.4,scattered clouds
109,Ler,SS,8.3018,30.1418,72.68,85,11,3.83,few clouds
110,Asekeyevo,RU,53.5742,52.7972,47.39,86,100,5.86,overcast clouds
111,Klaksvik,FO,62.2266,-6.589,52.72,95,100,17.85,overcast clouds
112,Srednekolymsk,RU,67.45,153.6833,7.93,88,77,6.69,broken clouds
113,Qaanaaq,GL,77.484,-69.3632,30.4,55,100,14.43,overcast clouds
114,Naron,ES,43.5167,-8.1528,65.25,86,6,6.49,clear sky
115,Provideniya,RU,64.3833,-173.3,30.31,86,90,20.13,heavy snow
116,Arman,RU,59.7,150.1667,18.41,35,0,10.4,clear sky
117,Sao Filipe,CV,14.8961,-24.4956,79.72,72,0,2.84,clear sky
118,Airai,TL,-8.9266,125.4092,81.05,37,91,2.33,overcast clouds
119,Ponta Do Sol,PT,32.6667,-17.1,75.0,21,94,0.43,overcast clouds
120,East London,ZA,-33.0153,27.9116,55.18,73,18,5.48,few clouds
121,Longyearbyen,SJ,78.2186,15.6401,10.27,81,60,4.03,broken clouds
122,Broome,US,42.2506,-75.833,46.62,78,90,1.99,overcast clouds
123,Mataram,ID,-8.5833,116.1167,88.61,64,98,6.4,overcast clouds
124,Kodiak,US,57.79,-152.4072,44.28,92,100,28.36,light rain
125,Ponta Delgada,PT,37.7333,-25.6667,70.52,73,20,16.11,few clouds
126,Rantepao,ID,-2.9701,119.8978,82.76,62,83,4.14,broken clouds
127,Saint Anthony,US,45.0205,-93.218,65.93,47,1,1.01,clear sky
128,Roald,NO,62.5833,6.1333,44.17,87,100,14.97,light rain
129,Albany,US,42.6001,-73.9662,45.81,84,45,1.01,scattered clouds
130,Caravelas,BR,-17.7125,-39.2481,74.84,89,24,7.52,few clouds
131,Pisco,PE,-13.7,-76.2167,61.02,90,55,0.81,broken clouds
132,Whitefish,US,48.4111,-114.3376,55.15,60,1,14.97,clear sky
133,Tucumcari,US,35.1717,-103.725,65.95,45,1,9.22,clear sky
134,Coquimbo,CL,-29.9533,-71.3436,55.13,87,90,4.61,overcast clouds
135,Boende,CD,-0.2167,20.8667,69.91,99,100,0.72,overcast clouds
136,Pacific Grove,US,36.6177,-121.9166,56.25,81,2,1.01,clear sky
137,Port Elizabeth,ZA,-33.918,25.5701,48.49,81,0,4.61,clear sky
138,Sola,VU,-13.8833,167.55,78.62,78,99,23.42,overcast clouds
139,Pimenta Bueno,BR,-11.6725,-61.1936,70.92,97,81,2.68,broken clouds
140,Kidal,ML,18.4411,1.4078,80.91,39,16,2.64,few clouds
141,Barrow,US,71.2906,-156.7887,3.22,92,20,6.91,few clouds
142,Gushikawa,JP,26.3544,127.8686,76.59,78,75,14.97,broken clouds
143,Talnakh,RU,69.4865,88.3972,32.97,97,100,12.35,light snow
144,Anadyr,RU,64.75,177.4833,34.3,93,40,32.99,scattered clouds
145,Mumbwa,ZM,-14.9783,27.0619,70.29,67,93,11.79,overcast clouds
146,Lebu,CL,-37.6167,-73.65,51.39,91,5,15.1,clear sky
147,Salalah,OM,17.0151,54.0924,76.19,75,77,2.59,broken clouds
148,New Norfolk,AU,-42.7826,147.0587,56.66,44,98,3.0,overcast clouds
149,Kabompo,ZM,-13.5927,24.2008,67.01,82,99,5.03,light rain
150,Hofn,IS,64.2539,-15.2082,40.75,91,100,25.77,light rain
151,Ribeira Grande,PT,38.5167,-28.7,68.58,73,15,17.43,few clouds
152,Mareeba,AU,-17.0,145.4333,95.43,34,2,10.33,clear sky
153,Roma,US,43.2128,-75.4557,46.44,94,92,4.0,overcast clouds
154,Ahipara,NZ,-35.1667,173.1667,65.14,61,5,6.38,clear sky
155,Ojinaga,MX,29.5667,-104.4167,79.75,29,1,4.61,clear sky
156,Willowmore,ZA,-33.2926,23.4895,42.71,87,0,6.2,clear sky
157,Gambela,ET,8.25,34.5833,69.85,70,93,3.98,overcast clouds
158,Mayahi,NE,13.9553,7.6712,81.41,56,12,12.37,few clouds
159,Vestmannaeyjar,IS,63.4427,-20.2734,47.64,73,100,13.02,light rain
160,Singaparna,ID,-7.3515,108.111,83.64,67,100,3.83,overcast clouds
161,Azangaro,PE,-14.9167,-70.2167,48.92,59,72,4.92,broken clouds
162,Luena,AO,-11.7833,19.9167,64.22,86,100,0.89,light rain
163,Valdivia,CL,-39.8142,-73.2459,49.68,96,10,2.98,clear sky
164,Faanui,PF,-16.4833,-151.75,80.58,77,42,12.91,light rain
165,Kushima,JP,31.4583,131.2333,72.12,48,83,5.32,broken clouds
166,Pevek,RU,69.7008,170.3133,14.32,84,100,4.7,overcast clouds
167,Aginskoye,RU,51.1,114.53,38.66,45,7,9.48,clear sky
168,Mar Del Plata,AR,-38.0023,-57.5575,53.01,56,0,8.01,clear sky
169,Limon,CR,10.0,-83.0333,78.85,85,100,3.78,overcast clouds
170,Norman Wells,CA,65.282,-126.8329,23.04,86,75,6.91,broken clouds
171,Gimli,CA,50.6336,-96.9907,54.99,67,83,7.58,broken clouds
172,Kermanshah,IR,34.3142,47.065,43.7,61,0,0.0,clear sky
173,Constitucion,CL,-35.3333,-72.4167,56.88,67,0,6.67,clear sky
174,Mogadishu,SO,2.0371,45.3438,78.49,85,77,13.13,broken clouds
175,Chara,RU,56.9064,118.2631,29.91,55,48,5.19,scattered clouds
176,Yulara,AU,-25.2406,130.9889,98.11,14,32,5.03,scattered clouds
177,West Fargo,US,46.875,-96.9004,62.6,50,1,3.0,clear sky
178,Marzuq,YE,14.4,46.4667,71.62,60,13,1.7,few clouds
179,Neuquen,AR,-38.9516,-68.0591,62.49,55,0,0.0,clear sky
180,Chisec,GT,15.8167,-90.2833,70.75,98,100,2.48,overcast clouds
181,Cabra,ES,37.4725,-4.4421,69.39,64,77,4.32,broken clouds
182,Bengkulu,ID,-3.8004,102.2655,77.14,86,100,3.51,overcast clouds
183,Yeppoon,AU,-23.1333,150.7333,85.78,68,9,10.18,clear sky
184,Iqaluit,CA,63.7506,-68.5145,35.33,87,90,18.01,overcast clouds
185,Waipawa,NZ,-41.4122,175.5153,59.63,53,5,15.99,clear sky
186,Khon Buri,TH,14.5254,102.2459,81.63,92,99,5.35,light rain
187,Kaeo,NZ,-35.1,173.7833,67.08,56,5,6.11,clear sky
188,Lakes Entrance,AU,-37.8811,147.981,54.57,81,77,5.48,broken clouds
189,Xining,CN,36.6167,101.7667,36.03,100,100,1.28,overcast clouds
190,Fortuna,US,40.5982,-124.1573,50.41,71,1,0.0,clear sky
191,Leningradskiy,RU,69.3833,178.4167,10.92,87,100,3.69,overcast clouds
192,Rocha,UY,-34.4833,-54.3333,44.92,86,0,2.01,clear sky
193,Hualmay,PE,-11.0964,-77.6139,63.01,84,88,7.76,overcast clouds
194,Sangar,RU,63.9242,127.4739,15.21,76,96,5.77,overcast clouds
195,Victor Harbor,AU,-35.5667,138.6167,75.79,66,1,1.01,clear sky
196,Pizhanka,RU,57.4604,48.542,38.23,62,99,10.0,overcast clouds
197,Mulchen,CL,-37.7167,-72.2333,52.5,82,0,5.26,clear sky
198,Carnarvon,AU,-24.8667,113.6333,64.47,88,75,20.71,broken clouds
199,Cayenne,GF,4.9333,-52.3333,78.1,89,40,2.3,scattered clouds
200,Kokkola,FI,63.8385,23.1307,37.92,72,25,10.78,scattered clouds
201,Wawa,NG,9.9022,4.4192,73.71,93,100,3.76,overcast clouds
202,Nortelandia,BR,-14.4547,-56.8028,71.47,99,96,1.63,overcast clouds
203,Yenagoa,NG,4.9247,6.2642,74.8,95,100,3.62,overcast clouds
204,Udimskiy,RU,61.1417,45.9144,30.54,97,97,5.95,light snow
205,Havre-Saint-Pierre,CA,50.2334,-63.5986,48.79,100,90,12.66,mist
206,Namibe,AO,-15.1961,12.1522,62.38,89,42,4.09,scattered clouds
207,Pandan,PH,14.0453,124.1694,86.02,69,38,9.28,scattered clouds
208,Praya,CV,14.9215,-23.5087,79.34,69,0,6.91,clear sky
209,Campbell River,CA,50.0163,-125.2446,45.93,94,75,2.3,broken clouds
210,Rawson,AR,-43.3002,-65.1023,67.01,40,10,15.41,clear sky
211,Georgiyevka,KZ,43.0369,74.7114,41.04,87,21,4.47,mist
212,Mocuba,MZ,-16.8392,36.9856,71.01,86,0,3.2,clear sky
213,Aviles,ES,43.5547,-5.9248,66.72,90,0,1.01,clear sky
214,Caldwell,US,43.6629,-116.6874,59.92,44,1,5.75,clear sky
215,Viedma,AR,-40.8135,-62.9967,59.81,25,1,11.03,clear sky
216,Georgetown,MY,5.4112,100.3354,82.89,86,50,1.01,scattered clouds
217,Torbay,CA,47.6666,-52.7314,46.27,96,90,18.41,light rain
218,Camacha,PT,33.0833,-16.3333,72.54,94,40,2.3,scattered clouds
219,Aripuana,BR,-9.1667,-60.6333,70.95,96,65,2.01,broken clouds
220,Ranong,TH,9.9658,98.6348,84.18,71,87,3.85,overcast clouds
221,Cabo San Lucas,MX,22.8909,-109.9124,81.61,72,100,1.99,overcast clouds
222,Balabac,PH,7.9868,117.0645,85.71,69,68,7.27,broken clouds
223,Chadiza,ZM,-14.0678,32.4392,67.14,83,79,10.8,light rain
224,Bubaque,GW,11.2833,-15.8333,82.67,74,40,9.48,scattered clouds
225,Puerto Escondido,MX,15.85,-97.0667,79.75,82,63,3.89,broken clouds
226,Pau,FR,43.4167,-0.5833,65.05,87,0,4.61,clear sky
227,Seymchan,RU,62.8833,152.4333,11.41,54,33,12.03,scattered clouds
228,Itanhem,BR,-17.1664,-40.33,70.63,94,34,3.87,scattered clouds
229,Kavieng,PG,-2.5744,150.7967,86.29,62,61,13.04,broken clouds
230,Flinders,AU,-34.5833,150.8552,66.2,82,90,16.37,moderate rain
231,Manokwari,ID,-0.8667,134.0833,83.01,76,69,5.57,moderate rain
232,Nizhnevartovsk,RU,60.9344,76.5531,41.02,87,90,6.71,overcast clouds
233,Ingham,US,42.6,-84.3833,51.22,83,1,0.0,clear sky
234,Okato,NZ,-39.2,173.8833,62.42,64,50,9.82,scattered clouds
235,Kitimat,CA,54.0524,-128.6534,40.91,30,100,3.67,overcast clouds
236,Biloela,AU,-24.4167,150.5,90.25,19,0,11.1,clear sky
237,Novikovo,RU,51.1537,37.8879,39.29,85,100,7.63,overcast clouds
238,Kamphaeng Phet,TH,16.25,99.5,74.75,93,100,0.83,overcast clouds
239,Marsh Harbour,BS,26.5412,-77.0636,77.4,58,75,14.88,broken clouds
240,Greenwood,US,34.1668,-82.1165,56.64,93,1,0.0,clear sky
241,Drayton Valley,CA,53.2168,-114.9854,35.67,69,100,6.93,overcast clouds
242,Faya,SA,18.3851,42.4509,57.34,27,37,6.89,scattered clouds
243,Kirakira,SB,-10.4544,161.9205,84.38,73,25,6.31,scattered clouds
244,Cockburn Town,TC,21.4612,-71.1419,81.9,74,63,8.81,broken clouds
245,Muros,ES,42.7762,-9.0603,65.84,91,22,8.5,few clouds
246,Grants Pass,US,42.439,-123.3284,52.48,67,1,1.01,clear sky
247,Kenora,CA,49.8167,-94.4337,60.78,51,93,8.99,overcast clouds
248,Blagoyevo,RU,63.3667,47.9167,33.66,92,97,4.85,overcast clouds
249,Fairbanks,US,64.8378,-147.7164,31.3,66,19,3.18,few clouds
250,East Wenatchee Bench,US,47.4257,-120.2812,57.34,55,0,6.55,clear sky
251,Brainerd,US,46.358,-94.2008,61.05,51,25,9.22,scattered clouds
252,Shakiso,ET,5.75,38.9167,55.54,90,100,3.78,overcast clouds
253,Arvika,SE,59.6553,12.5852,36.21,81,100,2.26,light rain
254,Verkhnyaya Inta,RU,65.9811,60.3094,32.47,83,98,6.49,overcast clouds
255,Praia,CV,14.9215,-23.5087,79.34,69,0,6.91,clear sky
256,Bereda,ES,43.2686,-7.5406,60.55,90,91,2.21,overcast clouds
257,Aasiaat,GL,68.7098,-52.8699,16.23,78,52,11.92,broken clouds
258,Vardo,NO,70.3705,31.1107,28.6,62,99,25.95,overcast clouds
259,Beringovskiy,RU,63.05,179.3167,33.26,94,100,3.6,overcast clouds
260,Goksun,TR,38.021,36.4973,47.35,74,44,6.15,scattered clouds
261,Yerofey Pavlovich,RU,53.9667,121.9667,34.0,42,86,2.95,overcast clouds
262,Hals,DK,56.9961,10.3081,50.61,96,100,11.81,overcast clouds
263,Tilichiki,RU,60.4667,166.1,19.09,78,47,14.05,scattered clouds
264,Kieta,PG,-6.2167,155.6333,84.83,70,31,4.16,light rain
265,Chernyshevskiy,RU,63.0128,112.4714,34.43,81,95,8.99,overcast clouds
266,Bilma,NE,18.6853,12.9164,81.05,16,29,7.29,scattered clouds
267,Sumter,US,28.7086,-82.0831,70.95,77,100,7.11,overcast clouds
268,Sobolevo,RU,54.4299,31.8996,33.01,94,15,9.69,few clouds
269,Luancheng,CN,37.8792,114.6517,48.92,54,100,6.06,overcast clouds
270,Gweta,BW,-20.1833,25.2333,61.36,72,100,16.49,overcast clouds
271,Komsomolskiy,UZ,40.4272,71.7189,52.52,54,73,6.91,broken clouds
272,Encruzilhada Do Sul,BR,-30.5439,-52.5219,49.6,97,1,4.27,clear sky
273,Wajima,JP,37.4,136.9,62.78,61,30,8.12,scattered clouds
274,Buritis,BR,-15.6178,-46.4233,72.46,87,100,3.78,overcast clouds
275,Virginia Beach,US,36.8529,-75.978,62.02,68,0,12.15,clear sky
276,Ejido,VE,8.5514,-71.2375,65.21,86,49,5.44,scattered clouds
277,Makat,KZ,47.6469,53.3463,53.24,89,56,6.67,broken clouds
278,Loandjili,CG,-4.7561,11.8578,75.94,84,100,6.2,overcast clouds
279,Portland,US,45.5234,-122.6762,53.46,84,1,1.99,clear sky
280,Avera,US,33.194,-82.5271,50.76,51,18,2.51,few clouds
281,Sovetskiy,RU,61.3614,63.5842,40.53,98,100,10.09,light rain
282,Yerbogachen,RU,61.2767,108.0108,33.57,84,100,8.41,overcast clouds
283,Nelson Bay,AU,-32.7167,152.15,82.76,69,48,9.95,scattered clouds
284,Mollendo,PE,-17.0231,-72.0147,61.59,83,92,6.02,overcast clouds
285,Vanimo,PG,-2.6741,141.3028,87.31,64,91,9.44,overcast clouds
286,Huainan,CN,32.6264,116.9969,59.81,63,100,6.69,light rain
287,Tacoronte,ES,28.4769,-16.4102,76.15,37,0,5.75,clear sky
288,Hirara,JP,24.8,125.2833,78.31,70,41,16.08,scattered clouds
289,Verkhovazhye,RU,60.7472,42.0465,34.11,93,100,6.44,overcast clouds
290,Cherskiy,RU,68.75,161.3,0.21,96,28,8.68,scattered clouds
291,Chumikan,RU,54.7183,135.315,29.08,56,72,25.59,broken clouds
292,Yicheng,CN,31.3705,119.8703,61.11,61,100,9.4,overcast clouds
293,Tacuati,PY,-23.45,-56.5833,65.03,71,69,3.74,broken clouds
294,Chicaman,GT,15.4,-90.7667,58.62,98,91,1.88,overcast clouds
295,Rosetta,EG,31.4044,30.4164,71.42,63,14,9.93,few clouds
296,Riverton,US,40.5219,-111.9391,46.83,82,90,1.01,overcast clouds
297,Hervey Bay,AU,-25.2986,152.8535,80.04,73,4,15.7,clear sky
298,Narsaq,GL,60.9167,-46.05,46.62,44,60,7.9,broken clouds
299,Piacabucu,BR,-10.4056,-36.4344,76.35,83,97,9.93,overcast clouds
300,Lannion,FR,48.75,-3.4167,64.42,94,90,10.36,overcast clouds
301,San Patricio,US,28.017,-97.5169,75.81,68,11,7.58,few clouds
302,Tungor,RU,53.3808,142.9564,30.47,57,28,14.63,scattered clouds
303,Sitka,US,57.0531,-135.33,44.28,69,100,11.36,overcast clouds
304,Russell,US,32.3502,-85.1999,52.12,90,1,0.0,fog
305,Yumen,CN,40.2833,97.2,48.18,21,100,17.43,overcast clouds
306,Gilgit,PK,35.9221,74.3087,62.62,48,3,1.54,clear sky
307,Temozon,MX,20.8,-88.2167,73.08,93,46,2.73,scattered clouds
308,Suntar,RU,62.1444,117.6319,36.82,88,100,8.1,overcast clouds
309,Upanema,BR,-5.6419,-37.2578,78.39,65,15,14.12,few clouds
310,Loikaw,MM,19.6742,97.2094,70.7,93,99,2.01,overcast clouds
311,Khovu-Aksy,RU,51.1333,93.6,38.21,50,45,1.19,scattered clouds
312,Makakilo City,US,21.3469,-158.0858,79.61,66,4,14.52,clear sky
313,Pasni,PK,25.2631,63.471,80.83,29,0,8.77,clear sky
314,Humaita,BR,-7.5061,-63.0208,71.8,98,18,2.68,few clouds
315,Iquique,CL,-20.2208,-70.1431,60.84,74,53,1.1,broken clouds
316,Porto Nacional,BR,-10.7081,-48.4172,73.96,83,97,0.87,overcast clouds
317,Faro,PT,37.0194,-7.9322,69.58,78,0,9.22,clear sky
318,Takanabe,JP,32.1333,131.5,71.67,50,69,3.89,broken clouds
319,Nouadhibou,MR,20.931,-17.0347,70.34,80,6,12.86,clear sky
320,Narrabri,AU,-30.3167,149.7833,82.53,34,6,3.0,clear sky
321,Wegrow,PL,52.3995,22.0163,47.59,80,100,3.36,overcast clouds
322,Nuuk,GL,64.1835,-51.7216,36.21,32,0,25.32,clear sky
323,Khakhea,BW,-24.6895,23.494,56.23,80,60,13.76,broken clouds
324,Tevriz,RU,57.509,72.4042,44.69,63,100,6.2,overcast clouds
325,Veraval,IN,20.9,70.3667,80.44,64,9,7.87,clear sky
326,Karratha,AU,-20.7377,116.8463,82.09,65,98,19.77,overcast clouds
327,College,US,64.8569,-147.8028,31.28,66,18,3.04,few clouds
328,Ayni,TJ,39.3941,68.5377,55.22,40,0,4.25,clear sky
329,Jalu,LY,29.0331,21.5482,67.01,41,40,9.64,scattered clouds
330,Kiama,AU,-34.6833,150.8667,66.0,87,95,5.01,overcast clouds
331,Zakopane,PL,49.299,19.9489,42.98,91,99,2.75,overcast clouds
332,Saldanha,ZA,-33.0117,17.9442,48.25,69,0,12.53,clear sky
333,Verkh-Usugli,RU,52.7,115.1667,36.46,48,13,1.7,few clouds
334,Punuare,HN,14.7333,-85.9667,72.63,97,100,2.26,overcast clouds
335,Khash,IR,28.2211,61.2158,64.89,10,0,1.63,clear sky
336,Bryant,US,34.5959,-92.4891,58.35,82,0,3.31,clear sky
337,Iranshahr,IR,27.2025,60.6848,77.65,14,0,4.16,clear sky
338,Athabasca,CA,54.7169,-113.2854,32.13,72,81,6.02,broken clouds
339,Vila Velha,BR,-20.3297,-40.2925,73.0,94,100,1.39,light rain
340,Leh,IN,34.1667,77.5833,36.27,72,86,3.18,overcast clouds
341,Nome,US,64.5011,-165.4064,25.16,76,100,16.46,overcast clouds
342,Zilina,SK,49.1667,19.1667,41.18,100,100,2.48,overcast clouds
343,Macusani,PE,-14.0833,-70.4333,38.82,85,95,4.09,overcast clouds
344,Mlandizi,TZ,-6.7,38.7333,71.31,95,98,3.09,overcast clouds
345,Te Anau,NZ,-45.4167,167.7167,51.13,51,90,7.87,overcast clouds
346,Geraldton,AU,-28.7667,114.6,66.61,72,75,23.02,broken clouds
347,Zhigansk,RU,66.7697,123.3711,18.91,94,100,17.72,light snow
348,Jardim De Piranhas,BR,-6.3786,-37.3519,79.25,62,32,15.26,scattered clouds
349,Ryotsu,JP,38.0833,138.4333,61.86,60,36,5.08,scattered clouds
350,Gaogou,CN,34.0175,119.1886,61.68,57,100,15.77,overcast clouds
351,Sao Domingos Do Maranhao,BR,-5.5758,-44.3853,75.07,84,30,3.96,scattered clouds
352,Young,UY,-32.6833,-57.6333,60.22,93,4,9.42,clear sky
353,Quatre Cocos,MU,-20.2078,57.7625,73.09,73,89,13.96,overcast clouds
354,Maragogi,BR,-9.0122,-35.2225,76.03,84,45,7.54,scattered clouds
355,Amga,RU,60.8953,131.9608,22.35,69,99,3.62,overcast clouds
356,Bam,IR,29.106,58.357,75.47,20,0,5.1,clear sky
357,San Luis,AR,-33.295,-66.3356,61.14,34,0,4.76,clear sky
358,Xuanhua,CN,40.6103,115.0447,41.63,27,0,1.41,clear sky
359,Novokayakent,RU,42.3937,47.9861,60.85,79,99,2.62,overcast clouds
360,Shubarshi,KZ,48.5872,57.1869,47.08,35,100,7.27,overcast clouds
361,Sinnamary,GF,5.3833,-52.95,79.32,82,90,7.76,overcast clouds
362,Tupancireta,BR,-29.0806,-53.8358,52.38,91,0,9.22,clear sky
363,Uvat,RU,59.1433,68.8953,43.66,78,100,8.43,overcast clouds
364,Ilula,TZ,-7.6766,36.0366,59.36,95,36,5.3,scattered clouds
365,Dakar,SN,14.6937,-17.4441,79.68,79,21,9.55,few clouds
366,Muravlenko,RU,63.7898,74.523,36.52,92,91,12.33,overcast clouds
367,Esperance,AU,-33.8667,121.9,78.64,45,100,16.96,overcast clouds
368,Port Hardy,CA,50.6996,-127.4199,45.79,80,100,7.7,overcast clouds
369,Qixingtai,CN,30.4135,111.8874,55.94,69,100,2.51,light rain
370,Clonakilty,IE,51.6231,-8.8706,60.01,99,97,15.08,overcast clouds
371,Mikhaylovka,RU,50.06,43.2379,44.51,70,100,6.22,light rain
372,Guerrero Negro,MX,27.9769,-114.0611,65.12,68,4,15.3,clear sky
373,Ouadda,CF,8.0777,22.4007,68.76,90,96,1.92,overcast clouds
374,Emba,KZ,48.8264,58.1442,47.26,32,100,6.2,overcast clouds
375,Nicoya,CR,10.1483,-85.452,74.08,94,100,3.38,moderate rain
376,Penzance,GB,50.1186,-5.5371,63.61,98,100,21.16,overcast clouds
377,Cachoeiras De Macacu,BR,-22.4625,-42.6531,68.32,99,100,1.88,light rain
378,Jasper,US,37.2001,-94.3502,59.99,66,3,1.01,clear sky
379,Anloga,GH,5.7947,0.8973,79.27,83,94,11.12,light rain
380,Itarema,BR,-2.9248,-39.9167,80.1,78,83,16.08,broken clouds
381,Haines Junction,CA,60.7522,-137.5108,24.75,74,100,2.3,overcast clouds
382,Pedasi,PA,7.5333,-80.0333,76.06,84,72,6.46,broken clouds
383,Severo-Kurilsk,RU,50.6789,156.125,39.69,71,62,28.63,light rain
384,Hirtshals,DK,57.5881,9.9592,49.86,96,100,13.42,overcast clouds
385,Barra Dos Coqueiros,BR,-10.9089,-37.0386,76.78,82,100,11.45,overcast clouds
386,Bowen,AU,-20.0167,148.2333,81.32,73,2,15.66,clear sky
387,Jiblah,YE,13.9216,44.1467,60.48,36,8,5.17,clear sky
388,Santa Marta De Tormes,ES,40.9506,-5.6272,58.46,100,100,2.3,mist
389,Lompoc,US,34.6391,-120.4579,56.32,78,2,23.0,clear sky
390,Lorengau,PG,-2.0226,147.2712,86.72,65,74,11.86,broken clouds
391,Bagan,RU,54.1001,77.6646,43.11,75,98,7.18,overcast clouds
392,Port Blair,IN,11.6667,92.75,82.63,79,81,11.81,broken clouds
393,Panguna,PG,-6.3164,155.4848,78.64,73,51,0.58,light rain
394,Eenhana,NA,-17.4667,16.3333,71.24,19,68,9.1,broken clouds
395,Shitanjing,CN,39.2342,106.3439,45.32,27,100,7.14,overcast clouds
396,Laguna,US,38.421,-121.4238,58.1,63,1,0.0,clear sky
397,Aquiraz,BR,-3.9014,-38.3911,85.21,67,79,14.05,broken clouds
398,Galveston,US,29.3669,-94.9669,71.96,81,2,9.64,clear sky
399,Pizarro,CO,4.9533,-77.366,76.55,91,59,4.18,moderate rain
400,Tura,IN,25.5198,90.2201,71.13,99,100,4.0,overcast clouds
401,Paamiut,GL,61.994,-49.6678,37.6,55,0,9.66,clear sky
402,San Ramon,US,37.7799,-121.978,55.65,81,29,2.91,scattered clouds
403,Lima,PE,-12.0432,-77.0282,60.91,83,76,3.62,broken clouds
404,Asau,RO,46.4333,26.4,44.96,75,51,3.8,light rain
405,Richards Bay,ZA,-28.783,32.0377,56.41,75,7,3.04,clear sky
406,Biak,ID,-0.9131,122.8766,84.29,68,90,1.9,overcast clouds
407,Westport,US,41.1415,-73.3579,50.99,83,15,3.0,few clouds
408,Grande Prairie,CA,55.1667,-118.8027,34.03,86,100,6.33,overcast clouds
409,Thinadhoo,MV,0.5333,72.9333,82.33,72,95,10.02,overcast clouds
410,Yakeshi,CN,49.2833,120.7333,34.65,61,21,12.97,few clouds
411,Bontang,ID,0.1333,117.5,83.93,73,55,3.42,broken clouds
412,Kalabo,ZM,-14.97,22.6814,75.47,52,70,7.29,broken clouds
413,Tautira,PF,-17.7333,-149.15,82.42,79,76,17.2,light rain
414,Dunedin,NZ,-45.8742,170.5036,51.8,49,90,18.99,overcast clouds
415,Grindavik,IS,63.8424,-22.4338,45.07,81,75,21.85,broken clouds
416,Guiratinga,BR,-16.3494,-53.7583,70.84,92,100,4.52,overcast clouds
417,Fort Nelson,CA,58.8053,-122.7002,30.06,77,92,4.38,overcast clouds
418,Puerto Del Rosario,ES,28.5004,-13.8627,71.35,88,99,10.36,overcast clouds
419,Makamba,BI,-4.1348,29.804,65.66,83,100,1.72,overcast clouds
420,Buta,CD,2.7858,24.73,69.37,100,100,1.63,moderate rain
421,Port Macquarie,AU,-31.4333,152.9167,76.89,61,27,11.81,scattered clouds
422,Sosnogorsk,RU,63.6023,53.8817,32.43,94,100,1.43,overcast clouds
423,Hambantota,LK,6.1241,81.1185,80.94,94,20,4.61,few clouds
424,Ha Tinh,VN,18.3333,105.9,72.86,87,100,6.58,overcast clouds
425,Saryozek,KZ,44.3583,77.9753,52.47,30,1,2.66,clear sky
426,Honningsvag,NO,70.9821,25.9704,33.33,59,100,21.5,light snow
427,Chapais,CA,49.7834,-74.8492,35.38,96,100,9.15,overcast clouds
428,Dullewala,PK,31.8359,71.4362,80.06,36,0,2.55,clear sky
429,Togur,RU,58.3631,82.8265,39.58,82,100,7.65,overcast clouds
430,Canon City,US,38.441,-105.2424,65.55,20,1,0.0,clear sky
431,Meulaboh,ID,4.1363,96.1285,84.2,69,70,5.26,broken clouds
432,Kilinochchi,LK,9.3961,80.3982,84.56,70,100,10.94,overcast clouds
433,Polovinnoye,RU,54.7914,65.9864,47.46,51,90,12.95,overcast clouds
434,Sambava,MG,-14.2667,50.1667,70.72,80,84,8.34,light rain
435,Muli,MV,2.9167,73.5667,82.51,73,97,12.55,overcast clouds
436,Mugur-Aksy,RU,50.35,90.5,27.9,58,0,2.46,clear sky
437,Amurzet,RU,47.6967,131.0981,37.2,29,1,8.75,clear sky
438,Ushibuka,JP,32.1906,130.0228,66.78,67,98,10.58,overcast clouds
439,Kedgwick,CA,47.6446,-67.3434,40.77,89,100,9.73,overcast clouds
440,Tricase,IT,39.9304,18.3553,61.07,79,23,12.93,few clouds
441,Atar,MR,20.5169,-13.0499,85.5,13,100,6.51,overcast clouds
442,Hornepayne,CA,49.2138,-84.7705,41.58,85,27,6.04,scattered clouds
443,Nelson,NZ,-41.2833,173.2833,70.81,56,39,4.16,scattered clouds
444,Dong Hoi,VN,17.4833,106.6,75.76,82,100,12.41,light rain
445,Hami,CN,42.8,93.45,58.39,20,30,3.18,scattered clouds
446,Madison Heights,US,42.4859,-83.1052,55.04,81,1,0.0,clear sky
447,Sauda,NO,59.6506,6.3542,43.61,91,100,6.62,light rain
448,Borogontsy,RU,62.6683,131.1683,16.48,66,94,3.83,overcast clouds
449,Maceio,BR,-9.6658,-35.7353,77.22,83,65,10.09,broken clouds
450,Aklavik,CA,68.2191,-135.0107,20.12,79,100,1.23,overcast clouds
451,Tommot,RU,58.9564,126.2925,35.31,92,100,10.22,light rain
452,Buchanan,LR,5.8808,-10.0467,77.07,87,79,5.01,moderate rain
453,Norrtalje,SE,59.758,18.705,39.02,76,100,3.47,overcast clouds
454,Conceicao Das Alagoas,BR,-19.9147,-48.3883,71.87,90,100,2.62,light rain
455,Shingu,JP,33.7333,135.9833,68.99,71,86,5.61,light rain
456,Nara,JP,34.6851,135.8049,70.5,43,57,3.51,broken clouds
457,Mayo,US,38.8876,-76.5119,56.98,78,41,1.01,scattered clouds
458,Goderich,CA,43.7501,-81.7165,54.91,59,0,3.47,clear sky
459,Ginda,IN,30.6945,78.4932,62.31,73,0,1.63,clear sky
460,Kahului,US,20.8947,-156.47,80.96,81,62,8.01,broken clouds
461,Cleburne,US,32.3476,-97.3867,67.57,59,1,9.22,clear sky
462,Taltal,CL,-25.4,-70.4833,59.47,72,22,3.51,few clouds
463,Charlestown,AU,-32.95,151.6667,78.58,61,30,11.54,scattered clouds
464,Arica,CL,-18.475,-70.3042,59.97,86,40,1.41,scattered clouds
465,Dongsheng,CN,39.8161,109.9776,39.79,31,100,9.08,overcast clouds
466,Kavaratti,IN,10.5669,72.642,81.54,75,100,10.51,overcast clouds
467,Boguchany,RU,58.3814,97.4531,37.85,79,36,5.55,scattered clouds
468,Gamba,GA,-2.65,10.0,74.55,87,100,6.06,overcast clouds
469,Okhotsk,RU,59.3833,143.3,16.3,57,0,17.11,clear sky
470,Sherbakul,RU,54.6316,72.3963,38.88,59,67,7.43,broken clouds
471,Ulladulla,AU,-35.35,150.4667,60.76,90,100,11.7,overcast clouds
472,Vallenar,CL,-28.5708,-70.7581,63.14,55,0,1.1,clear sky
473,Sechura,PE,-5.5569,-80.8222,66.04,80,100,11.59,overcast clouds
474,Butembo,CD,0.15,29.2833,56.07,97,100,2.42,overcast clouds
475,Batticaloa,LK,7.7102,81.6924,83.46,71,69,5.59,broken clouds
476,Kutum,SD,14.2,24.6667,73.4,22,6,15.93,clear sky
477,Chake Chake,TZ,-5.2459,39.7666,74.84,88,68,6.49,broken clouds
478,Marawi,PH,7.9986,124.2928,76.64,67,52,1.3,broken clouds
479,Seminole,US,28.7086,-81.2081,74.12,84,100,5.55,overcast clouds
480,Arcata,US,40.8665,-124.0828,50.67,77,1,0.0,clear sky
481,Abha,SA,18.2164,42.5053,58.14,26,55,8.79,broken clouds
482,Traverse City,US,44.7631,-85.6206,47.61,94,0,5.32,clear sky
483,Brigham City,US,41.5102,-112.0155,46.81,84,90,4.0,moderate rain
484,Liku,ID,-0.7275,119.8922,89.38,58,81,1.61,broken clouds
485,Vaitape,PF,-16.5167,-151.75,80.53,77,42,12.84,light rain
486,Saint-Joseph,RE,-21.3667,55.6167,71.2,76,38,7.9,scattered clouds
487,Tual,ID,-5.6667,132.75,84.47,72,67,8.77,broken clouds
488,Belyy Yar,RU,53.6039,91.3903,26.49,100,18,0.0,mist
489,Kajaani,FI,64.2273,27.7285,28.45,86,75,11.5,broken clouds
490,Leshukonskoye,RU,64.8989,45.7622,34.84,97,100,5.32,overcast clouds
491,Ancud,CL,-41.8697,-73.8203,49.42,94,3,3.96,clear sky
492,Sao Felix Do Xingu,BR,-6.6447,-51.995,71.62,99,100,1.41,overcast clouds
493,Anito,PH,12.4497,125.2886,85.71,73,87,5.99,overcast clouds
494,Uporovo,RU,56.3109,66.2693,48.27,54,100,13.71,overcast clouds
495,Labuhan,ID,-6.8844,112.2051,90.64,56,99,2.1,overcast clouds
496,Meadow Lake,US,34.8014,-106.5436,65.66,28,6,14.81,clear sky
497,Oranjemund,NA,-28.55,16.4333,60.57,40,0,7.25,clear sky
498,Mtambile,TZ,-5.3833,39.7,76.37,84,80,8.72,light rain
499,Tamworth,GB,52.634,-1.6959,61.65,93,100,4.0,overcast clouds
500,Kandrian,PG,-6.2167,149.55,86.54,67,67,12.26,light rain
501,Tashtyp,RU,52.7939,89.8983,41.43,63,1,1.01,clear sky
502,Ketchikan,US,55.3422,-131.6461,43.92,72,100,6.46,overcast clouds
503,Kontagora,NG,10.3999,5.4695,73.6,91,98,3.18,overcast clouds
504,Qaqortoq,GL,60.7167,-46.0333,46.9,42,90,10.94,overcast clouds
505,Baruun-Urt,MN,46.6806,113.2792,37.44,33,0,17.36,clear sky
506,Sampit,ID,-2.5333,112.95,86.32,70,98,2.95,overcast clouds
507,Oxford,GB,51.7522,-1.256,63.05,98,100,6.76,overcast clouds
508,Kano,NG,12.0001,8.5167,76.1,74,57,7.45,broken clouds
509,Bonthe,SL,7.5264,-12.505,77.36,87,53,3.98,light rain
510,Zenzeli,RU,45.9241,47.0474,53.26,54,64,8.16,broken clouds
511,Pipri,IN,19.8,75.5333,72.95,63,97,8.16,overcast clouds
512,Tocopilla,CL,-22.092,-70.1979,62.06,69,6,4.61,clear sky
513,Konitsa,GR,40.0486,20.7567,49.05,88,10,4.47,clear sky
514,Sassandra,CI,4.95,-6.0833,75.85,92,100,6.93,overcast clouds
515,Krasnovishersk,RU,60.4078,57.082,41.86,90,100,7.87,overcast clouds
516,Kevsala,RU,45.7983,42.6903,53.6,58,100,10.27,overcast clouds
517,Digha,IN,21.6833,87.55,80.56,88,100,14.43,heavy intensity rain
518,Warrington,GB,53.3925,-2.5802,60.01,96,95,1.01,light rain
519,Sidi Ali,DZ,36.0998,0.4206,63.14,75,90,3.47,overcast clouds
520,Beeville,US,28.4008,-97.7483,69.35,94,1,5.75,clear sky
521,Marabba,SD,12.35,32.1833,80.83,44,25,6.29,scattered clouds
522,Champerico,GT,14.3,-91.9167,82.35,90,100,12.93,overcast clouds
523,Dubti,ET,11.7361,41.0853,84.06,43,44,5.28,scattered clouds
524,Buraydah,SA,26.326,43.975,70.9,27,0,5.28,clear sky
525,Leshan,CN,29.5623,103.7639,57.52,86,100,0.43,overcast clouds
526,North Little Rock,US,34.7695,-92.2671,58.86,75,0,4.0,clear sky
527,Shadrinsk,RU,56.0852,63.6335,48.51,49,100,14.34,overcast clouds
528,Guayaramerin,BO,-10.8368,-65.3614,72.72,94,99,1.39,overcast clouds
529,Kampot,KH,10.6167,104.1833,84.25,73,40,4.56,scattered clouds
530,Golden,US,39.7555,-105.2211,62.17,32,40,11.5,scattered clouds
531,Manuk Mangkaw,PH,4.8,119.85,84.04,73,65,4.92,broken clouds
532,Touros,BR,-5.1989,-35.4608,78.4,78,42,14.07,scattered clouds
533,Khryashchevka,RU,53.8119,49.0916,41.67,68,100,9.71,light rain
534,Bokoro,TD,12.3807,17.0568,83.16,39,43,5.28,scattered clouds
535,Nadym,RU,65.5333,72.5167,35.4,89,67,14.45,broken clouds
536,Ust-Maya,RU,60.4167,134.5333,18.48,66,100,3.47,overcast clouds
537,Zatoka,UA,46.0725,30.4654,46.53,62,87,13.04,overcast clouds
538,Haysville,US,37.5645,-97.3523,63.57,55,1,10.0,clear sky
539,Rodrigues Alves,BR,-7.738,-72.6509,71.96,99,100,2.37,overcast clouds
540,Nurota,UZ,40.5614,65.6886,44.69,23,0,4.12,clear sky
541,Neringa,LT,55.3719,21.0647,30.29,61,100,4.68,overcast clouds
542,Ilovlya,RU,49.3033,43.9796,40.3,60,100,5.48,light rain
543,Okany,HU,46.9,21.35,41.56,79,66,2.57,broken clouds
544,Pauini,BR,-7.7136,-66.9764,71.55,97,38,0.81,scattered clouds
545,Plainview,US,40.7765,-73.4673,52.47,68,1,3.0,clear sky
546,Xingyi,CN,24.1877,102.817,65.55,78,98,6.31,overcast clouds
547,Ciudad Barrios,SV,13.7667,-88.2667,65.37,99,100,4.0,light rain
548,Havre,FR,49.5833,0.3333,63.0,94,90,12.66,overcast clouds
549,Lasa,IT,46.6166,10.7002,36.34,54,99,3.22,overcast clouds
550,Donji Milanovac,RS,44.4627,22.1523,44.31,91,7,5.08,clear sky
551,San Andres,CO,12.5847,-81.7006,83.84,76,100,11.83,overcast clouds
552,Beyneu,KZ,45.3167,55.2,53.28,24,43,4.74,scattered clouds
553,Lengshuitan,CN,26.4111,111.5956,61.23,85,99,3.18,overcast clouds
554,Nabire,ID,-3.3667,135.4833,86.86,66,66,5.86,broken clouds
555,Normandin,CA,48.8333,-72.5321,39.63,81,99,11.81,overcast clouds
556,Najran,SA,17.4924,44.1277,64.31,25,13,2.8,few clouds
557,Bahia Honda,CU,22.9036,-83.1592,76.01,87,78,9.51,broken clouds
558,Shahpur Chakar,PK,26.155,68.6509,66.22,17,0,2.51,clear sky
559,Sol-Iletsk,RU,51.1631,54.9918,50.04,55,100,9.73,overcast clouds
560,Boyolangu,ID,-8.1181,111.8935,86.83,63,94,7.05,overcast clouds
561,Saint-Francois,FR,46.4154,3.9054,46.67,100,100,2.3,overcast clouds
562,Nyzhni Sirohozy,UA,46.8484,34.3804,42.67,75,14,8.03,few clouds
563,Puerto Maldonado,PE,-12.6,-69.1833,74.19,91,96,3.0,overcast clouds
564,Katsuura,JP,35.1333,140.3,61.2,88,100,10.33,moderate rain
565,Krasnovka,RU,48.8177,40.0923,43.97,72,100,5.23,overcast clouds
566,Guarapari,BR,-20.6667,-40.4975,72.05,96,100,1.16,light rain
567,Akyab,MM,20.15,92.9,82.63,80,33,7.38,scattered clouds
568,Nehe,CN,48.4833,124.8333,39.11,45,16,8.32,few clouds
569,Vao,NC,-22.6667,167.4833,72.12,91,100,16.84,light rain
570,Comodoro Rivadavia,AR,-45.8667,-67.5,64.26,42,0,21.85,clear sky
571,Ambon,ID,-3.6954,128.1814,87.94,79,40,5.75,scattered clouds
572,Ayan,RU,56.45,138.1667,29.12,38,10,7.31,clear sky
573,Kedrovyy,RU,56.1667,91.8167,41.41,70,73,5.88,broken clouds
574,Prince Rupert,CA,54.3161,-130.3201,44.76,73,100,8.46,overcast clouds
575,Mount Isa,AU,-20.7333,139.5,100.17,16,75,8.05,broken clouds
576,Charleston,US,32.7766,-79.9309,62.02,89,1,3.44,clear sky
577,Ballina,AU,-28.8667,153.5667,77.18,76,50,8.41,scattered clouds
578,Sur,OM,22.5667,59.5289,83.16,39,6,4.18,clear sky
579,Key Largo,US,25.0865,-80.4473,79.99,60,100,16.84,overcast clouds
580,Skaerbaek,DK,55.1573,8.769,55.29,90,100,10.56,overcast clouds
581,Uri,IN,34.0833,74.0333,64.0,63,0,5.77,clear sky
582,Balkhash,KZ,46.844,74.9804,38.01,60,0,17.9,clear sky
583,Waddan,LY,29.1614,16.139,70.75,46,100,19.1,overcast clouds
584,Isiolo,KE,0.3546,37.5822,68.65,81,94,8.46,overcast clouds
585,Sainte-Rose,GP,16.3324,-61.6979,77.04,94,47,1.14,scattered clouds
586,Beloha,MG,-25.1667,45.05,69.37,87,23,7.78,few clouds
587,Khandbari,NP,27.3747,87.2039,67.05,97,100,2.84,very heavy rain
588,Almaznyy,RU,48.0448,40.045,42.94,61,100,9.08,overcast clouds
589,Kuytun,RU,54.3419,101.5036,38.23,67,11,3.24,few clouds
590,Santa Maria,BR,-29.6842,-53.8069,54.37,94,0,5.35,clear sky
591,Baker City,US,44.7749,-117.8344,48.6,65,1,5.75,clear sky
592,Wasilla,US,61.5814,-149.4394,41.76,72,20,0.0,few clouds
593,Bairiki,KI,1.3292,172.9752,87.8,62,20,6.91,few clouds
594,Staryy Nadym,RU,65.6118,72.6842,34.38,93,62,12.53,broken clouds
595,Pangnirtung,CA,66.1451,-65.7125,30.61,63,100,4.52,overcast clouds
596,Lagos,NG,6.5833,3.75,75.27,91,99,3.69,overcast clouds
597,Terra Roxa,BR,-23.8557,-50.0314,59.27,91,100,7.85,overcast clouds
598,Ullapool,GB,57.8987,-5.1604,60.35,86,100,10.0,overcast clouds
599,Newport,GB,51.5877,-2.9984,63.01,94,100,7.18,overcast clouds
600,Omboue,GA,-1.5746,9.2618,75.88,87,100,8.57,light rain
601,Porbandar,IN,21.6422,69.6093,73.38,88,16,6.91,few clouds
602,Segamat,MY,2.5148,102.8158,88.47,60,25,2.59,scattered clouds
603,Katherine,AU,-14.4667,132.2667,100.72,30,15,11.5,few clouds
604,Zeya,RU,53.75,127.2667,30.4,44,100,2.75,overcast clouds
605,Taoudenni,ML,22.6783,-3.9836,80.2,16,43,14.65,scattered clouds
606,Shenjiamen,CN,29.9576,122.298,65.44,73,100,17.27,overcast clouds
607,Silvania,BR,-16.6589,-48.6081,66.63,92,100,8.03,overcast clouds
608,Kijang,KR,35.2442,129.2139,63.66,43,26,7.45,scattered clouds
609,Deputatskiy,RU,69.3,139.9,-6.23,94,27,3.36,scattered clouds
610,San Cristobal,VE,7.7669,-72.225,73.58,84,12,1.81,few clouds
611,Bahia Blanca,AR,-38.7196,-62.2724,59.52,40,12,12.8,few clouds
612,Klyuchi,RU,52.2667,79.1667,42.42,55,22,4.92,few clouds
613,Volot,RU,57.9278,30.7025,37.26,91,100,8.39,overcast clouds
614,Nobeoka,JP,32.5833,131.6667,66.76,52,83,2.98,broken clouds
615,Brightwater,NZ,-41.3833,173.1167,71.22,48,25,3.53,scattered clouds
616,Zaysan,KZ,47.4667,84.8667,47.43,37,0,1.34,clear sky
617,Pilar,BR,-9.5972,-35.9567,71.6,93,56,3.76,broken clouds
618,Trinidad,BO,-14.8333,-64.9,79.25,51,99,8.08,overcast clouds
619,La Ronge,CA,55.1001,-105.2842,35.4,70,67,8.68,broken clouds
620,Chippewa Falls,US,44.9369,-91.3929,58.96,64,1,5.75,clear sky
621,Periyapatti,IN,10.75,77.2667,79.81,78,100,15.03,overcast clouds
622,Poladpur,IN,17.9802,73.466,77.54,80,28,0.49,scattered clouds
623,Buala,SB,-8.145,159.5921,84.74,70,34,3.22,light rain
624,Acarau,BR,-2.8856,-40.12,79.77,80,86,16.53,overcast clouds
625,Bama,NG,11.5221,13.6856,78.1,58,57,7.56,broken clouds
626,Marovoay,MG,-16.1,46.6333,71.74,57,5,4.99,clear sky
627,Surdila-Gaiseanca,RO,45.0667,27.3333,46.94,79,6,6.71,clear sky
628,Bom Sucesso,BR,-21.0331,-44.7581,65.98,95,100,2.75,overcast clouds
629,Olinda,BR,-8.0089,-34.8553,77.94,76,36,9.48,scattered clouds
630,Correntina,BR,-13.3433,-44.6367,76.95,64,100,4.07,overcast clouds
631,Morondava,MG,-20.2833,44.2833,74.53,73,2,4.29,clear sky
632,Mahon,ES,39.8885,4.2658,63.16,77,0,3.44,clear sky
633,Petukhovo,RU,55.0692,67.9019,46.85,59,96,11.16,overcast clouds
634,Melipilla,CL,-33.7,-71.2167,72.41,59,0,1.39,clear sky
635,Slavgorodskoye,RU,53.0214,78.6435,42.76,60,68,5.79,broken clouds
636,Ossora,RU,59.2353,163.0719,25.83,66,100,8.81,overcast clouds
637,Falun,SE,60.6036,15.626,28.81,73,100,3.15,overcast clouds
638,Hukeri,IN,16.2333,74.6,71.2,79,53,7.72,broken clouds
639,Badvel,IN,14.75,79.05,82.76,63,65,9.53,broken clouds
640,Cuiluan,CN,47.72,128.648,36.36,32,2,6.87,clear sky
641,Luwuk,ID,-0.9516,122.7875,86.59,70,95,3.06,overcast clouds
642,Kindu,CD,-2.95,25.95,70.02,100,100,2.8,heavy intensity rain
643,Kununurra,AU,-15.7667,128.7333,102.18,25,5,6.91,clear sky
644,Kothi,IN,24.75,80.7833,75.97,90,95,10.45,overcast clouds
645,Narodychi,UA,51.2029,29.0823,34.63,88,2,7.0,clear sky
646,Mormugao,IN,15.4,73.8,79.86,89,40,6.91,scattered clouds
647,Umea,SE,63.8284,20.2597,26.53,93,0,3.44,clear sky
648,Cabedelo,BR,-6.9811,-34.8339,77.68,79,56,10.76,broken clouds
649,Puerto Quijarro,BO,-17.7833,-57.7667,73.53,65,98,2.8,overcast clouds
650,Seoul,KR,37.5683,126.9778,60.19,54,73,9.93,light rain
651,Garowe,SO,8.4054,48.4845,74.43,76,15,8.19,few clouds
652,Camana,PE,-16.6228,-72.7111,62.8,83,61,6.17,broken clouds
653,Orlik,RU,52.5178,99.825,30.94,52,5,2.71,clear sky
654,Minab,IR,27.1467,57.0801,78.3,70,0,1.52,clear sky
655,Kupang,ID,-10.1667,123.5833,91.98,58,20,11.5,few clouds
656,Olga,RU,43.7444,135.2892,42.85,49,100,12.39,overcast clouds
657,Axim,GH,4.8699,-2.2405,76.41,90,98,8.08,moderate rain
658,Sciacca,IT,37.5082,13.0881,63.46,74,70,4.65,broken clouds
659,Moskovskiy,RU,55.5991,37.355,38.3,88,75,8.95,broken clouds
660,Bud,US,39.447,-86.1758,56.21,89,0,5.46,clear sky
661,Kemi,FI,65.8596,24.8228,26.37,86,0,6.91,clear sky
662,Knysna,ZA,-34.0363,23.0471,46.78,77,0,4.27,clear sky
663,Armidale,AU,-30.5167,151.65,66.81,29,2,8.9,clear sky
664,Wau,SS,7.7029,27.9953,70.77,93,28,4.45,scattered clouds
665,Arcachon,FR,44.5875,-1.0519,59.32,88,0,1.14,clear sky
666,Robertsport,LR,6.7533,-11.3686,78.46,83,100,9.28,light rain
667,Pahrump,US,36.2083,-115.9839,58.1,32,6,3.0,clear sky
668,Harnosand,SE,62.6323,17.9379,28.4,65,100,1.61,overcast clouds
669,Abeche,TD,13.8292,20.8324,78.37,25,19,10.96,few clouds
670,Kazachinskoye,RU,57.6953,93.2761,39.15,81,100,5.93,overcast clouds
671,Saint-Denis,FR,48.9167,2.3333,62.38,90,90,6.91,overcast clouds
672,Vad,RU,55.5301,44.2114,31.86,95,15,6.78,few clouds
673,Muisne,EC,0.6,-80.0333,74.98,87,100,9.75,light rain
674,Zaigrayevo,RU,51.8336,108.2703,29.46,53,6,3.89,clear sky
675,Alto Araguaia,BR,-17.3147,-53.2153,69.93,92,100,5.75,overcast clouds
676,Mehamn,NO,71.0357,27.8492,33.75,80,75,17.27,light rain
677,Kamyshin,RU,50.0983,45.416,43.14,64,98,6.82,overcast clouds
678,Tanggu,CN,39.0211,117.6469,51.76,31,0,11.48,clear sky
679,Kamaishi,JP,39.2667,141.8833,59.02,64,100,11.27,overcast clouds
680,Agirish,RU,61.9247,63.0231,39.04,98,100,8.79,light rain
681,Banda Aceh,ID,5.5577,95.3222,84.52,69,84,1.32,broken clouds
682,Da Lat,VN,11.9465,108.4419,76.86,55,71,2.68,broken clouds
683,Zhangye,CN,38.9342,100.4517,50.99,27,100,2.82,light rain
684,Sitio Novo Do Tocantins,BR,-5.5183,-47.4611,74.32,84,35,1.34,scattered clouds
685,Vila,PT,42.0304,-8.1588,54.48,86,57,4.54,broken clouds
686,Bayamo,CU,20.3792,-76.6433,75.72,85,73,4.7,broken clouds
687,Green River,US,41.5286,-109.4662,48.97,46,82,1.99,broken clouds
688,Ylojarvi,FI,61.5563,23.5961,31.95,88,0,4.61,clear sky
689,Tigre,AR,-34.426,-58.5796,60.3,75,0,1.99,clear sky
690,Fereydunshahr,IR,32.941,50.121,40.37,17,0,4.47,clear sky
691,Hobyo,SO,5.3505,48.5268,77.99,87,12,9.33,few clouds
692,Smithers,CA,54.7804,-127.1743,37.27,84,100,1.21,overcast clouds
693,Si Chiang Mai,TH,17.9564,102.5867,82.38,74,75,2.3,broken clouds
694,Da Nang,VN,16.0678,108.2208,76.98,94,75,5.75,light rain
695,Elliot Lake,CA,46.3834,-82.6331,41.4,75,2,4.65,clear sky
696,Miram Shah,PK,33.0086,70.0697,70.0,15,0,6.29,clear sky
697,Ayagoz,KZ,47.9714,80.4392,43.21,46,0,13.02,clear sky
698,Illapel,CL,-31.6308,-71.1653,63.25,44,0,0.72,clear sky
699,Murighiol,RO,45.0333,29.1667,46.89,66,93,4.74,overcast clouds
700,Sabang,ID,5.8933,95.3214,82.35,73,93,4.5,overcast clouds
701,Union De San Antonio,MX,21.1,-101.9667,71.67,57,14,1.66,few clouds
702,Presidente Dutra,BR,-5.29,-44.49,75.29,87,34,3.85,scattered clouds
703,Vagur,FO,61.4732,-6.8119,50.56,96,96,19.37,overcast clouds
704,Orje,NO,59.4802,11.6602,36.14,85,100,4.47,snow
705,Chimore,BO,-16.9833,-65.1333,71.85,70,100,2.17,overcast clouds
706,Livny,RU,52.4253,37.6069,35.02,87,29,7.74,scattered clouds
707,Namatanai,PG,-3.6667,152.4333,85.84,63,32,8.03,scattered clouds
708,The Valley,AI,18.217,-63.0578,82.26,72,6,6.29,clear sky
709,Florence,IT,43.7667,11.25,53.29,87,0,2.3,clear sky
710,Inirida,CO,3.8653,-67.9239,74.32,95,27,2.3,scattered clouds
711,Turukhansk,RU,65.8167,87.9833,35.44,98,100,14.29,light rain
712,Abeokuta,NG,7.15,3.35,72.72,96,93,3.22,overcast clouds
713,Porto De Moz,BR,-1.7483,-52.2383,72.05,97,100,1.63,moderate rain
714,Santa Cruz,BO,-17.8,-63.1667,71.06,83,90,5.75,overcast clouds
715,La Rioja,ES,42.25,-2.5,49.48,69,100,5.37,overcast clouds
716,Sao Jose Da Coroa Grande,BR,-8.8978,-35.1478,76.48,83,42,7.81,scattered clouds
717,Ukiah,US,39.1502,-123.2078,54.52,80,1,3.44,clear sky
718,Ambilobe,MG,-13.2,49.05,69.15,66,70,4.23,broken clouds
719,Honiara,SB,-9.4333,159.95,84.78,75,42,1.01,scattered clouds
720,Sayat,TM,38.7839,63.8803,59.92,17,44,6.78,scattered clouds
721,Alyangula,AU,-13.8483,136.4192,86.7,60,10,7.9,clear sky
722,Doha,QA,25.2867,51.5333,84.18,54,0,10.36,clear sky
723,Mossingen,DE,48.4057,9.0542,49.89,88,99,4.7,overcast clouds
724,Tucuman,AR,-26.8241,-65.2226,63.16,51,25,5.57,scattered clouds
725,Mount Darwin,ZW,-16.7725,31.5838,66.09,76,95,10.16,overcast clouds
726,Las Vegas,US,36.175,-115.1372,60.58,39,8,1.01,clear sky
727,Jorochito,BO,-18.05,-63.4333,69.53,63,100,3.22,overcast clouds
728,Gondanglegi,ID,-7.7479,112.0132,92.68,49,88,8.68,overcast clouds
729,Pasir Gudang,MY,1.4584,103.8805,87.91,68,75,5.75,broken clouds
730,Naryan-Mar,RU,67.6713,53.087,33.51,92,100,7.14,overcast clouds
731,Sadiqabad,PK,28.3062,70.1307,82.54,12,0,7.81,clear sky
732,Chegdomyn,RU,51.1167,133.0167,28.83,35,6,4.36,clear sky
733,Ivybridge,GB,50.3904,-3.9191,63.57,98,100,15.77,overcast clouds
734,Vysokogornyy,RU,50.1167,139.15,26.33,56,10,10.85,clear sky
735,Sanming,CN,26.2486,117.6186,69.21,71,58,4.56,broken clouds
736,Trapani,IT,37.8333,12.6667,62.78,79,72,5.01,broken clouds
737,Yunhe,CN,34.0833,119.7167,62.51,57,100,14.79,overcast clouds
738,Oum Hadjer,TD,13.2954,19.6966,80.82,25,11,1.72,few clouds
739,Nanzhang,CN,31.7765,111.8386,60.13,70,100,2.39,light rain
740,San Antonio,US,29.4241,-98.4936,70.81,67,1,10.36,clear sky
741,Constantine,DZ,36.365,6.6147,51.3,80,0,1.45,clear sky
742,George,ZA,-33.963,22.4617,44.15,93,0,2.3,clear sky
743,Soyo,AO,-6.1349,12.3689,75.52,81,100,6.55,overcast clouds
744,Paola,IT,39.3599,16.0396,51.01,77,18,7.07,few clouds
745,Saint-Augustin,CA,51.226,-58.6502,44.17,97,100,26.91,overcast clouds
746,Nishihara,JP,26.1842,127.7558,76.66,83,75,20.71,broken clouds
